{
  "bg": 167, 
  "temp": "absolute", 
  "snoozeBG": 105, 
  "recieved": true, 
  "predBGs": {
    "IOB": [
      167, 
      162, 
      157, 
      152, 
      147, 
      143, 
      138, 
      134, 
      132, 
      132, 
      135, 
      138, 
      142, 
      147, 
      152, 
      157, 
      160, 
      163, 
      163, 
      162, 
      162, 
      160, 
      158, 
      156, 
      152, 
      149, 
      147, 
      145, 
      143, 
      142
    ]
  }, 
  "rate": 1.0, 
  "reason": "COB: 0, Dev: -54, BGI: 3.39, ISF: 70, Target: 107; Eventual BG 105 < 107, 27m@-1.100 = -0.495 < req -0.05730659025787966-0.33", 
  "COB": 0, 
  "eventualBG": 105, 
  "timestamp": "2016-10-16T00:41:45.208245", 
  "duration": 30, 
  "tick": -2, 
  "IOB": 0.116
}