{
  "bg": 107, 
  "temp": "absolute", 
  "snoozeBG": 120, 
  "recieved": true, 
  "predBGs": {
    "IOB": [
      107, 
      106, 
      106, 
      105, 
      105, 
      105, 
      106, 
      107, 
      108, 
      109, 
      111, 
      113, 
      115, 
      117, 
      120, 
      122, 
      124, 
      126, 
      129, 
      131, 
      133, 
      134, 
      136, 
      138, 
      139, 
      140, 
      142, 
      143, 
      144, 
      145, 
      145, 
      146, 
      146, 
      147, 
      147, 
      148
    ]
  }, 
  "rate": 0.4, 
  "reason": "COB: 0, Dev: -16, BGI: 1.67, ISF: 88, Target: 124; Eventual BG 120 < 124, 28m@-0.600 = -0.280 < req -0.09101251422070535-0.18", 
  "COB": 0, 
  "eventualBG": 120, 
  "timestamp": "2016-10-07T10:10:05.183894", 
  "duration": 30, 
  "tick": "+4", 
  "IOB": -0.367
}