{
  "bg": 110, 
  "temp": "absolute", 
  "snoozeBG": 121, 
  "recieved": true, 
  "predBGs": {
    "IOB": [
      110, 
      109, 
      108, 
      107, 
      107, 
      107, 
      107, 
      108, 
      109, 
      110, 
      112, 
      113, 
      115, 
      117, 
      119, 
      121, 
      123, 
      125, 
      127, 
      129, 
      131, 
      132, 
      134, 
      135, 
      136, 
      138, 
      138, 
      139, 
      140, 
      141, 
      141, 
      142, 
      142, 
      143, 
      143, 
      143, 
      143, 
      144
    ]
  }, 
  "rate": 0.5, 
  "reason": "COB: 0, Dev: -17, BGI: 1.48, ISF: 87, Target: 123; Eventual BG 121 < 123, 26m@-0.600 = -0.260 < req -0.04597701149425287-0.18", 
  "COB": 0, 
  "eventualBG": 121, 
  "timestamp": "2016-10-07T08:40:55.681373", 
  "duration": 30, 
  "tick": "+1", 
  "IOB": -0.354
}