{
  "bg": 120, 
  "temp": "absolute", 
  "snoozeBG": 101, 
  "recieved": true, 
  "predBGs": {
    "IOB": [
      120, 
      116, 
      112, 
      109, 
      106, 
      105, 
      106, 
      108, 
      112, 
      115, 
      118, 
      121, 
      125, 
      128, 
      131, 
      133, 
      136, 
      138, 
      139, 
      140, 
      139, 
      138, 
      137, 
      136, 
      134, 
      131, 
      129, 
      127, 
      126, 
      125, 
      124
    ]
  }, 
  "rate": 1.175, 
  "reason": "COB: 0, Dev: -8, BGI: -2.86, ISF: 44, Target: 104; Eventual BG 101 < 104, 30m@-1.450 = -0.725 < req -0.13513513513513514-0.435", 
  "COB": 0, 
  "eventualBG": 101, 
  "timestamp": "2016-10-15T02:17:37.807266", 
  "duration": 30, 
  "tick": -1, 
  "IOB": 0.239
}