{
  "bg": 115, 
  "temp": "absolute", 
  "snoozeBG": 123, 
  "recieved": true, 
  "predBGs": {
    "IOB": [
      115, 
      115, 
      116, 
      116, 
      117, 
      117, 
      118, 
      119, 
      120, 
      121, 
      122, 
      124, 
      126, 
      127, 
      129, 
      131, 
      133, 
      134, 
      136, 
      138, 
      140, 
      141, 
      143, 
      144, 
      145, 
      146, 
      147, 
      148, 
      149, 
      150, 
      151, 
      151, 
      152, 
      153, 
      153, 
      153, 
      154
    ]
  }, 
  "rate": 0.575, 
  "reason": "COB: 0, Dev: -9, BGI: 1.64, ISF: 89, Target: 124; Eventual BG 123 < 124, 28m@-0.650 = -0.303 < req -0.02249718785151856-0.195", 
  "COB": 0, 
  "eventualBG": 123, 
  "timestamp": "2016-10-07T11:15:56.487274", 
  "duration": 30, 
  "tick": "+2", 
  "IOB": -0.211
}