{
  "bg": 111, 
  "temp": "absolute", 
  "snoozeBG": 106, 
  "recieved": true, 
  "predBGs": {
    "IOB": [
      111, 
      109, 
      108, 
      107, 
      106, 
      105, 
      104, 
      104, 
      105, 
      106, 
      107, 
      108, 
      110, 
      111, 
      113, 
      114, 
      115, 
      116, 
      117, 
      117, 
      116, 
      116, 
      114, 
      113, 
      111, 
      109, 
      108, 
      106, 
      106, 
      105
    ]
  }, 
  "rate": 1.0, 
  "reason": "COB: 0, Dev: -11, BGI: -0.05, ISF: 47, Target: 107; Eventual BG 106 < 107, 28m@-1.000 = -0.467 < req -0.04246284501061571-0.33", 
  "COB": 0, 
  "eventualBG": 106, 
  "timestamp": "2016-10-15T07:29:10.356872", 
  "duration": 30, 
  "tick": -1, 
  "IOB": -0.145
}