{
  "bg": 142, 
  "temp": "absolute", 
  "snoozeBG": 118, 
  "recieved": true, 
  "predBGs": {
    "IOB": [
      142, 
      139, 
      136, 
      134, 
      131, 
      128, 
      126, 
      123, 
      121, 
      119, 
      117, 
      115, 
      113, 
      112, 
      111, 
      110, 
      110, 
      110, 
      110, 
      110, 
      111, 
      111, 
      112, 
      113, 
      114, 
      114, 
      115, 
      116, 
      117, 
      117, 
      118, 
      119, 
      119, 
      119, 
      120
    ]
  }, 
  "rate": 0.75, 
  "reason": "COB: 0, Dev: 13, BGI: -4.8, ISF: 80, Target: 118; Eventual BG 110 < 118, Snooze BG 118, 21m@-0.750 = -0.263 < req 0-0.22499999999999998", 
  "COB": 0, 
  "eventualBG": 110, 
  "timestamp": "2016-10-10T00:58:52.101930", 
  "duration": 30, 
  "tick": -2, 
  "IOB": 0.566
}