{
  "bg": 107, 
  "temp": "absolute", 
  "snoozeBG": 115, 
  "recieved": true, 
  "predBGs": {
    "IOB": [
      107, 
      106, 
      106, 
      105, 
      105, 
      105, 
      105, 
      106, 
      106, 
      107, 
      109, 
      111, 
      113, 
      115, 
      117, 
      119, 
      122, 
      124, 
      126, 
      128, 
      130, 
      132, 
      134, 
      135, 
      137, 
      138, 
      140, 
      141, 
      142, 
      143, 
      144, 
      145, 
      146, 
      146, 
      146, 
      147
    ]
  }, 
  "rate": 0.5, 
  "reason": "COB: 0, Dev: -14, BGI: 1.38, ISF: 99, Target: 116; Eventual BG 115 < 116, 24m@-0.550 = -0.220 < req -0.020242914979757085-0.165", 
  "COB": 0, 
  "eventualBG": 115, 
  "timestamp": "2016-10-17T09:54:28.103988", 
  "duration": 30, 
  "tick": "+3", 
  "IOB": -0.273
}